{
    "accuracy": 0.9329710144927537,
    "precision": 0.7678571428571429,
    "recall": 0.6417910447761194
}
