{
    "accuracy": 0.9491371480472298,
    "precision": 0.8846153846153846,
    "recall": 0.7371794871794872
}
